{"a1dd6758-cc85-40bc-9833-aef02d0ef867": {"last_activity": 1749051568.6927974, "created": 1749051458.5016675}, "3e3a14a8-c5b7-403f-8158-18bfc353a243": {"last_activity": 1749053316.8227649, "created": 1749052799.6592736}, "555e837c-cc2b-4bec-9f49-9451e8b95abe": {"last_activity": 1749054316.0852132, "created": 1749053747.7423258}}